id,dosya,satır,ekran,özellik,başlık,kategori,severite,mevcut,problem,çözüm,kullanıcıEtkisi,tasarımÖnerisi,impact,gereksinim,testAlanları,testSenaryosu,otomasyonUygun,eforSeviyesi,_report_type
ARCH-001,apps/web/lib/hooks/use-management.ts,,,,Monolitik Hook Dosyası (2604 satır) — Aşırı Karmaşıklık,Mimarisi,Yüksek,"use-management.ts 2604 satırlık tek hook dosyası — 50+ export'a sahip types, interfaces, query factory, CRUD mutation'ları içeriyor","Dosya çok büyüktür ve bakım zorluğu yaratır. Bundle'a yükleme, test yazma, code review zorlaşıyor. İlgisiz domain'ler karışmış durumda (repository, runs, defects, release, requirements hepsi aynı dosyada).","Domain-driven splitting: use-management-repository.ts, use-management-runs.ts, use-management-defects.ts, use-management-release.ts gibi 5-6 dosyaya böl. Her domain kendi query keys factory'sine sahip olsun. query-keys.ts'de re-export et.",,,,,,,,,architect
ARCH-002,apps/web/components/AppShell.tsx,,,,Monolitik App Shell Bileşeni (882 satır) — State/Presentational Karışımı,Kod Kalitesi,Yüksek,"AppShell.tsx sidebar logic, navigation rendering, product picker, theme management, sidebar search hepsi aynı bileşende. 15+ state hook'u, useMemo/useCallback 20+ adet.","Bileşen çok fazla sorumluluk taşıyor. Sidebar navigasyonu, product picker, tema logic'i, layout yönetimi hepsi karışmış. Test yazmak, refactor etmek zor. SSR/hydration sorunları potansiyeli.","_components/ alt klasörü oluştur: SidebarNav.tsx, SidebarContent.tsx, ProductPicker.tsx, SidebarSearch.tsx. Presentational components çıkar. AppShell yalnızca layout orchestration'ını yönetsin.",,,,,,,,,architect
ARCH-003,apps/web/app/(dashboard)/new-project/page.tsx,,,,Mega Page Component (2835 satır) — Single Responsibility Violation,Mimarisi,Kritik,"new-project/page.tsx 2835 satır — proje oluşturma formu, wizard steps, validation, submission, error handling hepsi aynı dosyada","Page component yalnızca orchestration yapmalı, form logic'i alt-bileşenlerde olmalı. Şimdi tamamı karışık. Test edilebilirlik düşük. Bileşen reusability yok. State management scattered.","_components/ klasörü oluştur: ProjectFormWizard.tsx (steps), ProjectFormFields.tsx (field validation), ProjectCreationSummary.tsx (review). Page.tsx yalnızca state + error boundary + layout.",,,,,,,,,architect
ARCH-004,apps/web/app/(dashboard)/p/[projectId]/management/dashboard/page.tsx,,,,Mega Management Dashboard (1690 satır) — Excessive Inline Rendering,Kod Kalitesi,Yüksek,"Dashboard 1690 satır — Release checklist, flaky tests, review queue, defects, execution summary widgets'ları inline JSX'te render ediliyor. Her widget için state/data loading inline.",Widget'lar reusable değil. Dashboard sayfasında copy-paste render logic. Widget logic'i başka sayfalardan kullanılamıyor. Test etmek zor. Performance problemi — useMemo eksik.,"Her widget kendi component'i olsun: ReleaseChecklistWidget.tsx, FlakyTestsWidget.tsx, ReviewQueueWidget.tsx, DefectSummaryWidget.tsx. Props ile data geç. lib/hooks/use-dashboard-widgets.ts oluştur.",,,,,,,,,architect
ARCH-005,apps/web/lib/hooks/use-api-testing.ts ve diğer hooks,,,,Query Key Namespace Çakışmaları (Inconsistent Pattern),State Management,Orta,"use-management.ts `['management', projectId, ...]` kullanıyor, use-api-testing.ts benzersiz pattern, use-dsl.ts farklı pattern. managementKeys factory kullanılırken query-keys.ts'de re-export edilmiyor hepsi.",Query invalidation'larda tuple key vs factory key karışıklığı. Cache buster yanlış çalışabilir. Pagination/filtering query'leri duplicate cache entry yaratabilir. Performance hit.,ROOT_KEYS + factory pattern kesinleştir: tüm hooks 'managementKeys.xxx()' factory kullanmalı. query-keys.ts'de 18 factory'nin hepsini validate et. Linter rule ekle (eslint-plugin-query).,,,,,,,,,architect
ARCH-006,apps/web/components/ (50+ component),,,,Smart vs Dumb Component Katmanı Tanımsız,Mimarisi,Orta,"components/ klasöründe büyük component'ler (CommandPalette.tsx, AiAssistant.tsx, NotificationBell.tsx) veri fetching + state management yaparken, _components/ klasörleri sadece belirli page'ler altında.",ADR-0012 (backend-first) pattern'i uygulanmadı. Component'ler useQuery/useMutation yapıyor. Reusability düşük. Page layout vs reusable component sınırı net değil. Shell-level ve page-level component'ler karışmış.,"Tier yapısı tanımla: shells/ (AppShell, layouts), ui/ (dumb design components), features/ (smart, API iletişimli), pages/ (_components klasörleri). Smart component'ler Page'ye ait olsun.",,,,,,,,,architect
ARCH-007,apps/web/app/(dashboard)/p/[projectId]/management/_components/CaseDetailDrawer.tsx,,,,Mega Component Drawer (1095 satır),Kod Kalitesi,Yüksek,"CaseDetailDrawer.tsx 1095 satır — case details, steps, evidence, comments, defects, version history hepsi sekme'de render ediliyor",Tek bileşende çok fazla logic. Sekme switch'i yapıldığında tüm component re-render. LazyTab pattern yok. Bundle boyutu büyütüyor. Test difficultness yüksek.,"Lazy tab-component pattern: CaseDetailsTab.tsx, CaseStepsTab.tsx, CaseEvidenceTab.tsx, CaseCommentsTab.tsx, CaseDefectsTab.tsx. Dynamic import + Suspense. Sekme değişimi sadece o tab'ı render etsin.",,,,,,,,,architect
ARCH-008,apps/web/next.config.mjs,,,,API Proxy Fallback Stratejisi Eksik,Performans,Orta,next.config.mjs /api/v1 proxy'si API_PROXY_TARGET || NEXT_PUBLIC_API_BASE kullanıyor. Fallback tek seviyeli. Hata handling yok.,Backend down'sa frontend de 502 verir. Retry logic yok. Health check yok. Fallback API Gateway varsa kullanılamıyor. Client-side fetch'lerde error state gösterilmiyor (ADR-0012 pattern eksik).,next.config'te middleware fallback ekle (fallback API host). lib/api-client.ts'de retry-with-exponential-backoff. useQuery errorFallback callback. Online/offline detection.,,,,,,,,,architect
ARCH-009,apps/web/lib/useProject.tsx,,,,Global Project Context — localStorage Dependency,State Management,Orta,,localStorage corruption'da uygulama break olur. Private browsing mode'da sessiz fail. Cross-tab sync yok — bir tab'da project değişince diğerleri update olmaz. localStorage LS_KEY hardcoded.,sessionStorage + localStorage hybrid (session-first fallback). useEffect cleanup güçlendir. StorageEvent listener cross-tab sync. Fallback UI show et eğer localStorage fail.,,,,,,,,,architect
ARCH-010,apps/web/app/(dashboard)/layout.tsx,,,,Layout'ta Business Logic — useEffect Chains,Kod Kalitesi,Yüksek,"DashboardInner component'te projects loading, session expiry handling, project touch, onboarding redirect, context sync — hepsi useEffect'te. 5+ effect dependency chains.","Effect dependencies kompleks (projects, projectId, activeProject, setProject). Infinite loop riski. Race conditions. Mounting sırası önemli. Test etmek çok zor. Side effect'ler business logic'te karışık.","Custom hooks çıkar: useProjectSync (URL→context sync), useSessionExpiry (event listener), useOnboardingRedirect. Layout yalnızca Provider composition yapsin.",,,,,,,,,architect
ARCH-011,apps/web/lib/hooks/ (18 files),,,,Hook Interdependencies — Circular Import Riski,Mimarisi,Orta,use-management.ts → management; use-management-project-id.ts → useManagementProjectId; use-management-role.ts → useProjectRole. Cross-hook dependencies (ör: useReviewQueue depends on useManagementFlakyTests context). Query key factory'leri hooks'ta defined.,Circular dependency potansiyeli. Hook içinde hook call etmek escape hatch. Query key factory'leri hooks'ta defined'sa new import needed. Code splitting difficult. Monorepo workspace package'lara split'ta sorun.,"Separation: hooks/ (query logic), query-keys/ (factory only), types/ (domain types). Query key factory import hooks yapmasın, tersini yap. useManagementProjectId top-level hook olmasın — parent'a geç.",,,,,,,,,architect
ARCH-012,"apps/web components AiStatusChip, AiAssistantPanel, CommandPalette",,,,AI Feature Prop Drilling — Type Safety Eksik,Kod Kalitesi,Orta,AiStatusChip 'provider' prop type: `typeof provider.value` (runtime-dependent). AiAssistantPanel children callback prop'u. CommandPalette fuzzy search results type any.,TypeScript strict mode'da type errors. Refactor sırasında prop signature breaking easy. AI provider enum'lar shared type yok (backend-frontend mismatch). Provider shape JSON-based (stringly-typed).,@neurex/contracts use et. Backend ProtoAiProvider ↔️ FrontendAiProvider interface sync. Command palette results generic type. useAiProvider() custom hook ai provider shape validate etsin.,,,,,,,,,architect
ARCH-013,apps/web/components/management/NotificationBell.tsx,,,,Notification Polling — Manual Refresh vs Real-time Gap,Performans,Orta,NotificationBell.tsx useQuery refetchInterval: 30_000ms (polling). Manual refresh button var. WebSocket yok. Badge count state local.,30s polling → 30s latency worst case. Network waste. User açıp kapattığında refetch'leme missed. Push notification event handler yok. Badge count out-of-sync risk (mutually exclusive update'ler).,WebSocket stream (notification channel) ekle. Fallback polling. useNotificationStream() hook. Badge count TanStack Query onSuccess callback'te optimistic. React 18 useTransition graceful update.,,,,,,,,,architect
ARCH-014,apps/web/app/(dashboard)/p/[projectId]/management/requirements/page.tsx (2323 satır),,,,Mega Requirements Page — Inline Table Rendering,Performans,Yüksek,"requirements page 2323 satır — data-table inline render, filter bar, column selector, sort logic, pagination hepsi page.tsx'te. 50+ rows per page default.",Virtual scrolling yok — 50+ rows = render block. Useless re-render (query refetch → page re-render → tüm rows re-render). Memoization eksik. Sort/filter state page'de — URL querystring yok (back button problem).,"Virtualized table component (TanStack Virtual). useDataTableState() hook (sort, filter, pagination → URL query). React.memo memoization. Lazy column rendering. Row component'ini pure function yap.",,,,,,,,,architect
ARCH-015,apps/web/lib/query-keys.ts,,,,Query Key Factory — Late Binding Root Keys,Mimarisi,Orta,query-keys.ts ROOT_KEYS static constant (hand-maintained). managementKeys factory undefined'dan geçiliyor — enabled guard yapılmadığı yerde queryKey undefined element'ler içeriyor.,Root key add'i query-keys.ts'de unutuluyor (linter rule yok). Undefined queryKey elements → infinite loop risk (cache invalidation doesn't hit). New domain hook'lar re-export ununu gittiğinde build break.,eslint-plugin-query custom rule: ROOT_KEYS'deki her key'in query-keys.ts'de re-export'ı olmalı. queryKey factory undefined guard (enabled property) — validator test. Schema validation JSON schema.,,,,,,,,,architect
ARCH-016,apps/web/app/(dashboard)/_components/module-orchestrator/ModuleOrchestratorProvider.tsx,,,,Module Orchestrator Provider — Undocumented Contract,Mimarisi,Düşük,ModuleOrchestratorProvider context provider — layout'ta wrap'lenmiş. Tanımı unclear. Module switching logic'i hızlı pattern değilse.,Module orchestrator ne yaptığı docu yok. Component'ler dependency'sine sahip mi? Context shape Type definition var mi? Boilerplate'i aşırı mı?,CONTRIBUTING.md'ye explain ekle. Provider type export et. Hook'ları document et (JSDoc). Context shape'ı interface'le. Module registry pattern clear yapın.,,,,,,,,,architect
ARCH-017,apps/web/app/(dashboard)/p/[projectId]/management/_components/workspace/WorkspaceShell.tsx (1033 satır),,,,Workspace Shell — Nested Layout Indirection,Mimarisi,Orta,"WorkspaceShell.tsx 1033 satır — case list, detail drawer, context, state hepsi. CaseDetailDrawer nested. Layout tree: Page → WorkspaceShell → List + Drawer.",Nested layout'ta prop drilling. Data flow direction unclear (page → shell → list → drawer vs drawer → shell → page). State sync'i zor. Testing ağır.,Flat compound component pattern: useCaseDetailDrawer hook → context. Page App Shell'e benzer provider. List ve Drawer sibling'ler (not nested). Drawer close callback page'de.,,,,,,,,,architect
ARCH-018,apps/web/components/ui/data-table.tsx,,,,Data Table — No Pagination/Sort/Filter Abstraction,Kod Kalitesi,Orta,"data-table.tsx basic table component — pagination, sort, filter logic inline. Reusable state management pattern yok.",Her table page'i kendi sort/filter logic'ini implement ediyor. Copy-paste. Inconsistent UX (requirements vs reports vs defects table'lar farklı). Server-side pagination spec yok.,"useDataTableState() hook (sort state, filter state, pagination). Server-side spec'i implement et (offset/limit vs cursor). Tanstack Table library eval et (headers, columns, rows type-safe).",,,,,,,,,architect
UX-001,,,apps/web/app/(dashboard)/admin/users/page.tsx,,Form etiketleri ve input alanları arasında boşluk tutarsızlığı,UI,Orta,"Etiket ve input alanları gap-1.5 ile ayrılmış, ancak form satırında flex wrap kullanılıyor ve mobilde alignment bozuluyor","Mobil görünümde form alanları (email, şifre, ad soyad, rol, buton) yan yana sarmalanıyor ve düzensiz layout oluşuyor",,"Mobil kullanıcılar form alanlarını düzenli şekilde göremez, gözle takip etmekte zorluk yaşar",Mobilde form alanlarını grid layout'a geçir (gap-3 sm:gap-2) ve minimum genişlik kısıtlamasını grid template'de tanımla,,,,,,,ux
UX-002,,,apps/web/app/(dashboard)/page.tsx,,Stat kartlarının mobilde çok küçük görünmesi,Responsive,Yüksek,"grid-cols-2 sm:grid-cols-3 lg:grid-cols-6 ile 6 sütunlu layout — mobilde 2, tablet'te 3, desktop'te 6","6 stat kartı 2 sütuna sığdırıldığında her kart çok dar olur, metin okunmaz hale gelir",,"Mobil kullanıcılar dashboard istatistiklerini okuyamaz, veri görselleştirmesi başarısız",Breakpoint yapısını 'grid-cols-1 sm:grid-cols-2 md:grid-cols-3 lg:grid-cols-4 xl:grid-cols-6' olarak düzenle ve kartlara min-h-24 ekle,,,,,,,ux
UX-003,,,apps/web/app/(dashboard)/qa/page.tsx,,Coverage Matrix tabelinde sütun başlıkları mobilde kaymıyor,Responsive,Yüksek,"Tablo overflow-x-auto ile sarılmış, ancak sticky header yok","Sayfa yatay kaydırılırken tablo başlıkları da kaydırılıyor, kullanıcı hangi sütunun ne olduğunu kaybediyor",,"Mobilde tablo okunması imkansız hale gelir, veri analizi yapılamaz",thead'e 'sticky top-0 z-10 bg-surface' ekle ve th'lere 'position: sticky; left: 0 (ilk sütun için)' style'ı uygula,,,,,,,ux
UX-004,,,apps/web/app/(dashboard)/management/page.tsx,,Proje listesi boş durumda görsel hiyerarşi zayıf,UX,Orta,"Empty state ikonu, başlık, açıklama ve butonlar var ama ikona sadece bg-slate-800 rengi verilmiş","Boş durum yeterince dikkat çekmiyor, kullanıcı ne yapması gerektiğini hemen anlamıyor",,"Yeni kullanıcılar, proje oluşturmak yerine sayfayı boş bulup geri gidebilirler","Empty state ikonu rengini brand rengine (teal-500) çıkar, ikona backdrop filter ekle, h-16 w-16 boyutunda yap",,,,,,,ux
UX-005,,,apps/web/components/ui/button.tsx,,Buton variant'larında renk kontrastı WCAG standartlarına uymuyor,Erişilebilirlik,Kritik,"'ghost' variant'ında text-fg-muted ve hover:text-fg kullanılmış, contrast ratio düşük",Düşük kontrastlı butonlar görme özürlü/zayıf kullanıcılar için okunmuyor (WCAG AA ihlali),,"Engelli kullanıcılar web siteyi kullanamaz, yasal uyum riski","ghost variant'da 'text-fg' başlasın, hover'da 'bg-surface-overlay' arka plan ekle; minimum contrast 4.5:1 sağla",,,,,,,ux
UX-006,,,apps/web/app/(dashboard)/qa/cases/page.tsx,,Filter kontrolleri form görünümünde değil satırda sıralanmış,UI,Orta,Filtre alanları 'flex flex-wrap items-center gap-2' ile yan yana sarmalanmış,"Mobilde filtreler çok dar görünür, label'lar input'lardan ayrılır, UX kafa karıştırıcı olur",,"Mobil kullanıcılar filtreleri etkili kullanamaz, arama/filtreleme iş akışı bozulur","Filtre gruplamasını 'flex flex-col sm:flex-row gap-4 sm:items-center' yapılandır, select/input'ları grid'de düzenle",,,,,,,ux
UX-007,,,apps/web/app/(dashboard)/admin/settings/page.tsx,,Service status tablosunda yanıt süresi (uptime) formatı tutarsız,UI,Düşük,"fmtUptime() fonksiyonu: s<60→'%ds', s<3600→'%dd', s<86400→'%ds' (yanlış), s>=86400→'%dg' döndürüyor","Saat cinsinden uptime 's' olarak gösteriliyor (örn. 3600s = 1 saat), format hatalı ve kafa karıştırıcı",,"Admin, service status'ü doğru yorumlayamaz, downtime süresi yanlış hesaplanır","fmtUptime() formatını düzelt: s<60→'%ds', s<3600→'%dm', s<86400→'%dh', s>=86400→'%dd' yap",,,,,,,ux
UX-008,,,apps/web/app/(dashboard)/p/[projectId]/management/my-work/page.tsx,,Summary chip'ler mobilde yer kaynakları dolayı kırılıyor,Responsive,Orta,Summary chips: 'flex items-center gap-2 text-[11px]' içinde inline display — mobilde sarmalanıyor,"Mobilde chip'ler iki satıra yayılıyor, okumaları zor hale gelir",,Mobil kullanıcılar açık iş sayısını ve toplam işleri görürken karmaşa yaşar,"Chip container'ını 'flex flex-wrap sm:flex-nowrap' yap, chip'lere min-w-max ekle",,,,,,,ux
UX-009,,,apps/web/app/(dashboard)/qa/page.tsx,,Kpi bileşenlerinin value gösterimleri inconsistent,UI,Orta,Kpi value'ler 'text-2xl font-semibold' ama pct gösterimi '%90%' şeklinde (yüzde simgesi + sayı + simge),"Kpi başlıkları arasında boyut tutarsızlığı var, '%90%' notasyonu standart değil",,"Kullanıcı metrik değerlerini hızlıca okuyamaz, istatistikler karışık görünür","Tüm value'lerde '90%' formatı kul, text boyutunu tutarlı tut (text-3xl), tabular-nums class ekle",,,,,,,ux
UX-010,,,apps/web/app/(dashboard)/admin/users/page.tsx,,Form submission hata mesajı stil ve konumu belirsiz,Feedback,Orta,"Error: 'mt-3 text-sm text-red-400 data-testid=...' — form alanından ayrı, renk-sadece gösterim","Hata mesajı öğeler arasında gözardı edilebilir, renk körlüğünde seçilemez, ikon/sembol yok",,"Kullanıcılar hata mesajını kaçırabilir, ne yapması gerektiğini anlamayabilir",Hata container'ı: 'rounded-lg border border-danger-200 bg-danger-50 p-3 flex items-center gap-2'; error icon ekle; aria-live='polite',,,,,,,ux
UX-011,,,apps/web/app/(dashboard)/page.tsx,,Pause/Resume butonları metin/simge etiketlemesinde tutarsızlık,UI,Düşük,"Butonlarda '▶ Devam' ve '⏸ Duraklat' unicode simgeleri hardcoded, arial'de hata riski","Unicode simgeler tarayıcılarda render'lanmayabilir, simge yazı tipinden sürükleme riski",,Bazı cihazlarda simgeler kaydırılmış yada hatalı görünebilir,"SVG icon komponentlerini kullan (lucide-react), '▶'/⏸' yerine '<Play size={14} />' / '<Pause size={14} />'",,,,,,,ux
UX-012,,,apps/web/app/(dashboard)/qa/cases/page.tsx,,"Buton etiketindeki '+ New Case' İngilizce, sayfa Türkçe",Tasarım,Düşük,"Buton metni: '+ New Case' — tüm sayfa Türkçe (başlık, açıklama) ama buton İngilizce","Dil tutarsızlığı, kullanıcı arayüzü homojen görünmüyor",,Türkçe kullanıcılar uzanlaştırılmış hissederler,"Buton metnini '+ Yeni Case' olarak çevir, tüm sayfada dil konsistansı sağla",,,,,,,ux
UX-013,,,apps/web/app/(dashboard)/qa/defects/page.tsx,,Priority badge renkleri WCAG standartlarına uymuyor,Erişilebilirlik,Yüksek,"P0: 'bg-red-100 text-red-700', P1: 'bg-amber-100 text-amber-700', P2: 'bg-blue-100 text-blue-700'","Açık arka planlı light modu badge'leri, okunaklı kontrast sağlamıyor (AA standartı <4.5:1)",,"Renkkörlük olan kullanıcılar priority'leri ayırt edemez, öncelik yönetimi başarısız",Badge'lerin arka plan/metin rengini koyu tema'ya çevir: 'bg-red-900/30 text-red-300' gibi; renk+ikon simgesi ekle,,,,,,,ux
UX-014,,,apps/web/app/(dashboard)/p/[projectId]/management/my-work/page.tsx,,Case type badge'i mobilde gizleniyor (hidden sm:inline),Responsive,Orta,'.hidden shrink-0 rounded px-1.5 py-0.5 text-[9px] font-semibold sm:inline' — mobilde görünmez,"Mobil görünümde test case türü (unit, e2e vb.) gösterilmiyor, türleme hatasında yardımcı olmaz",,"Mobil kullanıcılar test türünü göremez, case'in tipini tahmin etmek zorunda","Badge'i inline tut, truncate ekle, font boyutunu prose-friendly'e çıkar (text-[10px]); mobilde acronym (U/E) göster",,,,,,,ux
UX-015,,,apps/web/components/ui/modal.tsx,,Modal close button'u aria-label'i Türkçe ama button'da visual cue yok,Erişilebilirlik,Orta,"'<span className=""sr-only"">Kapat</span>' — sadece screen reader'lar için, visual user görmez","Close button'u sadece X simgesi, metin etiketi yok — hover tooltip'i olmadan işlevi belirsiz",,Yeni kullanıcılar X simgesinin ne olduğunu anlayamayabilir,"Close button'a 'title=""Kapat""' attribute ekle, veya button'un yanına metin ekle: 'X' yerine 'X Kapat'",,,,,,,ux
UX-016,,,apps/web/app/(dashboard)/qa/page.tsx,,Test Runs listesinde boş durum çok basit,UX,Orta,Empty state: 'Henüz koşum yok. npm run run-record veya npm run import-results deneyin.',"End-user'lar npm komutlarını anlamaz, boş durum çok teknik ve rehbersiz",,Yeni kullanıcılar test koşularını nasıl oluşturaacağını öğrenemiyor,"Empty state metnini 'Test koşu kaydı yok. Yeni koşu oluşturmak için Aç butonunu kullan.' yapıp, action buton ekle",,,,,,,ux
UX-017,,,apps/web/app/(dashboard)/admin/audit/page.tsx,,Audit filter'larının label'ları input'lardan görsel olarak ayrılmıyor,UI,Orta,"Filter input'ları inline, label'lar küçük ve hafif renk (text-xs text-slate-400)","Form alanlarında label-input ilişkisi görsel olarak belirsiz, form ergonomisi düşük",,Kullanıcılar hangi input'un ne için olduğunu hızlıca okuyamaz,"Filtre gruplamasını card içine al, label'ları bold yap, input'ları block layout'a geçir (sm:inline-block)",,,,,,,ux
UX-018,,,apps/web/app/(dashboard)/qa/cases/page.tsx,,Test case listesi açılırken loading durumunda spinner yok,Feedback,Düşük,"Loading state: 'Yükleniyor...' metni, spinner visual yok",Kullanıcı page'in yüklenmekte olduğunu görsel olarak doğrulayamaz,,"Yavaş internet'te sayfa hiç tepki vermiyor gibi görüyor, sayfa'yı yeniden yüklemeyi deniyor","Loading state'e animated spinner ekle (lucide-react Loader2), skeleton rows göster (5-10 fake case row'ları)",,,,,,,ux
UX-019,,,apps/web/app/(dashboard)/page.tsx,,"Son Aktiviteler listesinde Avatar seed random, her refresh'te renkler değişiyor",UX,Düşük,Avatar component'e 'seed={a.resource_id}' prop'u verilmiş ama seed her zaman stable değil (responsive change),"Avatar renkleri her sayfada değiştiği için kullanıcı avatarı hatırlayamaz, visual consistency bozuluyor",,Kullanıcılar kişileri avatarlara göre ayırt edemez,"Avatar seed'i 'a.actor' string'ine dayandır (deterministic), seed={hashString(a.actor)} gibi stable hash kullan",,,,,,,ux
UX-020,,,apps/web/app/(dashboard)/p/[projectId]/management/page.tsx,,Management root rotası redirect yükleme spinner'ı çok basit,Feedback,Düşük,Loading spinner sadece 'h-4 w-4 animate-spin' — minimal visual feedback,"Sayfa redirect olurken boş/kopmuş görüntü verir, kullanıcı ne olduğunu anlamaz",,"Uygumanın hiç çalışmadığı hissi verir, kullanıcı çıkabilir",Loading page'i richify et: spinner + '🔄 Management açılıyor...' metni + progress bar ekle,,,,,,,ux
UX-021,,,apps/web/app/(dashboard)/admin/teams/page.tsx,,"Tablo satırları hover'da animasyon yok, interaktif hissi vermez",UX,Düşük,Tablo row'ları plain <tr> — hover style'ı basit veya hiç yok,"Tablo satırları static görünür, tıklanabilir olduğu belli değil",,"Kullanıcılar tablo satırlarının interaktif olduğunu anlamaz, tıklamayı denemiyor","Tablo row'larına 'hover:bg-surface-overlay cursor-pointer transition-colors' ekle, mouse cursor'u pointer yap",,,,,,,ux
UX-022,,,apps/web/app/(dashboard)/qa/run/page.tsx,,Manual test run wizard sayfasında başlık yazı boyutu tutarsız,UI,Düşük,Header: 'h1' tag ama 'text-xl' class — diğer dashboard sayfalarda 'text-2xl' veya 'text-3xl',"Başlık boyutu sayfalar arası tutarsız, visual hierarchy bozuluyor",,Uygumanın tasarlanmamış hissi verir,Başlık yazı boyutunun tüm sayfalarda 'text-2xl sm:text-3xl' olmasını standartlaştır,,,,,,,ux
UX-023,,,apps/web/components/ui/form-modal.tsx,,Form modal'ında submit buton disabled state'inde visual feedback eksik,Feedback,Orta,Submit button: 'disabled:opacity-50 disabled:pointer-events-none' — sadece opacity change,"Disabled button'un durumu yeterince belli değil, kullanıcı tıklamayı deneyebilir",,Kullanıcılar form validation hataları görmeden button'a tekrar tıklamaya çalışır,"Disabled state'ine grayscale filter, cursor-not-allowed, ve tooltip ('Form hatalı, düzeltin') ekle",,,,,,,ux
UX-024,,,apps/web/app/(dashboard)/management/notifications/page.tsx,,Notification list'inde read/unread state visual ayırımı yeterince güçlü değil,UI,Orta,Read notification'lar: 'opacity-60' — sadece saydamlık değişiyor,"Okunmamış (unread) notification'lar yeterince dikkat çekmiyor, önemli bilgi kaçırılabiliyor",,Kullanıcılar önemli bildirimleri gözden kaçırıyor,"Unread notification'lara 'bg-blue-50 border-l-4 border-blue-500' ekle, bold başlık yap, read'e 'opacity-50' tut",,,,,,,ux
UX-025,,,apps/web/app/(dashboard)/qa/cases/[id]/edit/page.tsx,,Edit form'da unsaved changes uyarısı eksik,UX,Yüksek,Form'da save button vardır ama form değiştiğinde page leave uyarısı (beforeunload) yok,"Kullanıcı form'u değiştirip kazara sayfadan çıksa değişiklikler kaybolur, uyarı yok",,"Kullanıcıların yazı/yapılan değişiklikler kaybolur, hayal kırıklığı yaşar","useBeforeUnload hook kullan, form dirty state'ini track et, leave attempt'te modal with 'Değişiklikleri kaydet?' sor",,,,,,,ux
DEV-001,apps/web/lib/api-client.ts,243-258,,,Türü belirsiz error handling,Tip Güvenliği,Orta,"function extractApiErrorMessage(body: unknown, fallback: string): string {
  if (typeof body === ""string"" && body) return body;
  if (!body || typeof body !== ""object"") return fallback;
  const detail = ""detail"" in body ? (body as { detail?: unknown }).detail : body;",Type assertion (as { detail?: unknown }) ile güvenli olmayan cast işlemi. Runtime'da type check yok.,Type guard function yazın: function hasDetail(v: unknown): v is { detail: unknown } { return typeof v === 'object' && v !== null && 'detail' in v; },,,,,,,,,dev
DEV-002,apps/web/components/AiStatusChip.tsx,47-65,,,Race condition - fetch cleanup işlemi,Performans,Yüksek,"useEffect(() => {
  let cancelled = false;
  const fetchHealth = () => { /* ... */ };
  fetchHealth();
  const t = setInterval(fetchHealth, REFRESH_INTERVAL);
  return () => { cancelled = true; clearInterval(t); };
}, []);",Multiple parallel requests - setInterval sırada 30s tarafından tek tek istek atıyor. İlk request'in response'u gelmeden ikinci request atılırsa state update yarışı olur.,AbortController kullanın veya request counter ile state set işlemini guard'layın.,,,,,,,,,dev
DEV-003,apps/web/components/AppShell.tsx,36-42,,,Dynamic import error handling eksik,Hata İşleme,Orta,"const CommandPalette = dynamic(() => import(""./CommandPalette"").then(m => m.CommandPalette), { ssr: false });","Dynamic import'de hata oluşursa (network error, module bulunamadı) fallback UI yok - boş component döner.","loading parametresi ile fallback component geçin: { ssr: false, loading: () => <Skeleton /> }",,,,,,,,,dev
DEV-004,apps/web/lib/api-client.ts,277-287,,,Unused variable - skipAuthRedirect,Refactor,Düşük,"const { json, headers, skipAuthRedirect = false, noAuth = false, retryOnUnauthorized = !skipAuthRedirect && !noAuth, ...rest } = init;",skipAuthRedirect parametresi sadece retryOnUnauthorized'ı hesaplamak için kullanılıyor ve daha sonra hiç referans edilmiyor.,Parametreyi kaldır ve doğrudan noAuth değerini kullan: retryOnUnauthorized = !noAuth,,,,,,,,,dev
DEV-005,apps/web/components/CommandPalette.tsx,76-86,,,Ünkontrol localStorage error handling,Hata İşleme,Orta,"function loadRecent(): RecentEntry[] {
  if (typeof window === ""undefined"") return [];
  try {
    const raw = localStorage.getItem(RECENT_STORAGE_KEY);
    if (!raw) return [];
    return (JSON.parse(raw) as RecentEntry[]).slice(0, MAX_RECENT);
  } catch { localStorage.removeItem(RECENT_STORAGE_KEY); return []; }","localStorage engellenmişse (private mode, quota exceeded) silent fail - kullanıcıya haber verilmiyor.",Error türünü kontrol et ve önemli hatalar için console.warn ekle.,,,,,,,,,dev
DEV-006,apps/web/lib/hooks/use-management.ts,11-13,,,Eksik union type discriminator,Tip Güvenliği,Yüksek,"export type TestRunStatus = ""not_run"" | ""running"" | ""passed"" | ""failed"" | ""blocked"" | ""skipped"";
export type TestRunOverallStatus = ""not_started"" | ""in_progress"" | ""completed"" | ""failed"";","Benzer string literals (""failed"") iki type'da da var - runtime'da karışabiliyor. Type guard edilmiyor.",Farklı enum prefix kullanan discriminator ekle: export type TestRunStatus = `case_${...}` | `case_passed` gibi,,,,,,,,,dev
DEV-007,apps/web/components/AiAssistant.tsx,110-120,,,Memory leak - cleanup function eksik,Performans,Yüksek,"const res = await fetch(`${API_BASE}/api/v1/ai/chat/sessions/${sid}/messages/stream`, { method: ""POST"", headers: { ""Content-Type"": ""application/json"", ...(token ? { Authorization: `Bearer ${token}` } : {}), }, body: JSON.stringify({ content: trimmed }),",Fetch stream response'unu okurken error handle'de cancelled flag kontrol yok - stream reader leak olabilir.,"response.body.getReader() ile AbortController kullanın, cancelled=true'de abort et.",,,,,,,,,dev
DEV-008,apps/web/components/NotificationBell.tsx,85-88,,,Hardcoded width responsive değil,Performans,Düşük,"className=""absolute right-0 z-40 mt-2 w-[360px] max-w-[90vw]""",Hardcoded w-[360px] mobile'da overflow olabilir. max-w-[90vw] var ama ilk width'i override ediyor.,w-full max-w-[360px] max-w-[90vw] ile düzelt.,,,,,,,,,dev
DEV-009,apps/web/components/ErrorBoundary.tsx,68,,,Retry button state reset'i yeterli değil,Hata İşleme,Orta,"onClick={() => this.setState({ hasError: false, error: null, showDetails: false })}",hasError=false yaptığında hata kaynağı (componentStack) temizlenmiyor - aynı error tekrar oluşursa tekrar catch olmayabilir.,Error boundary parent component'e kadar bubble ettir veya componentDidCatch'te error source temizle.,,,,,,,,,dev
DEV-010,apps/web/lib/hooks/use-auth.ts,38-44,,,Silent fail - 401 durumunda retry=false,Hata İşleme,Orta,"const query = useQuery({ queryKey: authKeys.me(), queryFn: () => apiFetch<CurrentUser>(""/api/v1/auth/me""), enabled: !!getToken() || hasSession(), staleTime: 10 * 60 * 1000, retry: false,",401 gelirse hata throw olur ama UI'da error gösterilmeyebilir. hasPermission() null check'i var ama error state UI'da handle edilmiyor.,useQuery hook'unda error state'i UI'da göster veya fallback UI sağla.,,,,,,,,,dev
DEV-011,apps/web/components/management/NotificationBell.tsx,94-96,,,Inline className string concat'ı,Refactor,Düşük,"className={`text-[11px] ${showDigest ? ""text-teal-300"" : ""text-slate-400 hover:text-slate-200""}`}",Tailwind safe list'te olmayan dinamik class string concat kullanılıyor - purge işleminde silinebilir.,"cn() utility ile static className'ler kullan: cn('text-[11px]', showDigest ? 'text-teal-300' : 'text-slate-400 hover:text-slate-200')",,,,,,,,,dev
DEV-012,apps/web/app/(dashboard)/p/[projectId]/management/layout.tsx,28-39,,,Error boundary'de children null olabilir,Hata İşleme,Orta,"class ManagementErrorBoundary extends React.Component<{ children: React.ReactNode }, { hasError: boolean; error: Error | null }> { ... return <div>...</div>; }
return this.props.children;",children={undefined} gelebilir ve error state'de render edilir - null safety check yok.,getDerivedStateFromError'da null check ekle veya fallback render et.,,,,,,,,,dev
DEV-013,apps/web/lib/api-client.ts,337-340,,,Type casting in error extraction,Tip Güvenliği,Orta,"let detail = typeof body === ""object"" && body !== null && ""detail"" in body ? String((body as { detail: unknown }).detail) : text || res.statusText;",Type assert ile güvenli olmayan cast - body bozulmuş JSON olabilir.,"const detail = extractApiErrorMessage(body, text || res.statusText) fonksiyonunu çağır.",,,,,,,,,dev
DEV-014,apps/web/components/CommandPalette.tsx,109-113,,,useScenarios query disabled logic eksik,Validasyon,Orta,"const scenarioQuery = query.trim().length >= 2 ? query.trim() : """";
const { data: scenarioPage } = useScenarios(project?.id && scenarioQuery ? project.id : undefined, { search: scenarioQuery, page_size: 6 });",scenarioQuery boş string geldiğinde ve project?.id undefined iken API call yine yapılabilir. enabled parametresi yok.,useScenarios hook'a enabled param ekle veya kondisyonu tighten et.,,,,,,,,,dev
DEV-015,apps/web/lib/useProject.tsx,58-66,,,localStorage.setItem'de error silently swallow,Hata İşleme,Düşük,"const setProject = useCallback((p: Project | null) => { setProjectState(p); try { if (p) localStorage.setItem(LS_KEY, JSON.stringify(p)); else localStorage.removeItem(LS_KEY); } catch { /* Private browsing, storage dolu vb. */ } }, []);",localStorage full olduğunda warning/fallback yok - project state yüklü ama persisted değil.,Error log ekle veya fallback session storage kullan.,,,,,,,,,dev
DEV-016,apps/web/components/AiAssistant.tsx,111-118,,,getToken() deprecated fonksiyon kullanıyor,Refactor,Yüksek,"const token = getToken();
const res = await fetch(..., { headers: { ...(token ? { Authorization: `Bearer ${token}` } : {}), }, }",getToken() httpOnly cookie auth'a geçildikten sonra her zaman null döner - header'a token eklenmez.,"credentials: 'include' fetch'de zaten var, getToken() satırını sil. Browser otomatik cookie gönderir.",,,,,,,,,dev
DEV-017,apps/web/components/ui/form-modal.tsx,47-50,,,onSubmit async error handling yok,Hata İşleme,Orta,const handleSubmit = (e: React.FormEvent) => { e.preventDefault(); void onSubmit(e); };,onSubmit Promise döndürebilir ama error handle edilmiyor. Form close olmuş olabilir submit fail olsun da.,try-catch wrap ekle veya error state'i UI'da göster.,,,,,,,,,dev
DEV-018,apps/web/lib/hooks/use-projects.ts,89-94,,,useProject hook'ta projectId! non-null assertion,Tip Güvenliği,Yüksek,"export function useProject(projectId: string | undefined) { return useQuery({ queryKey: projectKeys.detail(projectId!),",projectId undefined olabilir ama ! ile force cast - runtime'da queryKey boş olur.,enabled: !!projectId kondisyonu kullan: queryKey: projectId ? projectKeys.detail(projectId) : projectKeys.details(),,,,,,,,,dev
DEV-019,apps/web/app/(dashboard)/p/[projectId]/management/layout.tsx,1-20,,,useProject() global context yerine useParams() kullantılmalı,Refactor,Orta,const pathname = usePathname(); const router = useRouter(); const { data: projects = [] } = useProjects(); const { project } = useProject();,useProject() global context'ten alıyor ama route params'dan projectId zaten mevcut. Prop drilling değil ama context overhead var.,useParams() hook'u kulla: const { projectId } = useParams() daha performant olur.,,,,,,,,,dev
DEV-020,apps/web/components/AiStatusChip.tsx,50-56,,,Health check response type validation yok,Tip Güvenliği,Orta,"fetch(""/api/ai/health"") .then(r => r.ok ? r.json() : null) .then((data: AiHealth | null) => {",r.json() type assertion yok - data: any return olabilir. Type safety yok.,const data: unknown = await r.json(); then validate: if (!isAiHealth(data)) setHealth(null);,,,,,,,,,dev
DEV-021,apps/web/lib/api-client.ts,295-327,,,Duplicate fetch call on 401 retry,Performans,Düşük,let res: Response; try { res = await fetch(...); } catch (networkErr) { ... } if (res.status === 401 && retryOnUnauthorized) { ... const h2 = new Headers(headers); ...; res = await fetch(...);,"Headers iki kez parse ediliyor - h ve h2 ikisi de oluşturuluyor, kod tekrarı var.",Helper function yazın: const makeHeaders = () => ... ve reuse et.,,,,,,,,,dev
DEV-022,apps/web/components/NotificationBell.tsx,1-11,,,Deprecated component legacy reference,Refactor,Düşük,// @deprecated — use @/components/management/NotificationBell,Eski component burada hala var ve code referans ediyor. Dead code pattern.,Legacy NotificationBell'i kaldır veya wrapper yapın.,,,,,,,,,dev
DEV-023,apps/web/lib/ai-gateway.ts,117-124,,,Error handling - text response için JSON parse,Hata İşleme,Orta,if (!res.ok) { const text = await res.text(); let detail = text; try { const json = JSON.parse(text); detail = json.detail?.error || json.detail || text; } catch {} throw new Error(`AI Gateway hatası (${res.status}): ${detail}`);,text HTML olabilir (404 sayfa gibi) - JSON parse fail'de detail=HTML kalır - console'a HTML dumplanır.,HTML check ekle: if (text.trim().startsWith('<')) detail = 'HTML yanıt'; else parse JSON,,,,,,,,,dev
DEV-024,apps/web/components/CommandPalette.tsx,74-75,,,Recent entries timestamp'i kullanılmıyor,Refactor,Düşük,type RecentEntry = { id: string; label: string; href: string; ts: number };,ts field'ı var ama sort/display'de kullanılmıyor. Dead code.,Recent entries'i ts'ye göre sort et veya ts'yi kaldır.,,,,,,,,,dev
DEV-025,apps/web/lib/useWebSocket.ts,59-64,,,Unhandled WebSocket message parsing error,Hata İşleme,Orta,"ws.onmessage = (e) => { try { const msg = JSON.parse(e.data) as WSMessage; setMessages((prev) => [msg, ...prev].slice(0, 50)); handlerRef.current?.(msg); } catch { /* ignore malformed messages */ } };",Malformed message'lar silently ignored - metric/monitoring yok. Hangi message'lar fail ediyor bilinmiyor.,Error state ekle veya console.warn ile debug log'la.,,,,,,,,,dev
QA-001,,,management/cases/new/page.tsx,,Form Başlık Alanında Maksimum Uzunluk Uyarısı,Test Edilebilirlik,Orta,"500 karakter limit var, canlı karakter sayacı gösterilir (480+ amber uyarısı)",Karakter limiti yaklaşırken uyarı rengi (amber) eksik kontrast ile tam ve görünürlüğü test edilmiyor,,,,,,,"1) 480+ karakter yazarak uyarıyı tetikle
2) Kontrast oranını ölçün (WCAG AA: 4.5:1)
3) 500 karakterde trim validasyonu test et
4) 501 karakterde submit bloklanıyor mu kontrol et",True,M,qa
QA-002,,,management/cases/new/page.tsx,,Boş Adım Dizisi İle Form Gönderimi,Test Senaryosu,Yüksek,Minimum 1 adım gerekli: action && expected_result. Boş adımlar filtreleniyor.,"Tüm adımları silen kullanıcı hata mesajı almıyor, only action-result pair'i gerekli ama UX net değil",,,,,,,"1) Adım ekle ve hemen sil
2) Formu boş adımlarla gönder → 'En az bir adım' hatası alınmalı
3) Hata mesajında hang var mı (async state)?
4) Hata sonrası adım ekleme işi yok mu?",True,M,qa
QA-003,,,management/cases/new/page.tsx,,Drag-Drop Adım Sıralaması Test Edilebilirliği,Otomasyon,Yüksek,"dnd-kit ile drag-drop sıralaması var, SortableContext ve CSS transform kullanılıyor","data-testid eksik, drag handle'ın ARIA label'ı 'Sürükle' sadece Türkçe (i18n yok)",,,,,,,"1) Adım 1 → Adım 3 sürükle
2) step_no'lar güncellenmeli
3) Keyboard: Ctrl+Arrow ile sırala (sortableKeyboardCoordinates var)
4) E2E: Playwright drag-drop API ile test et",True,S,qa
QA-004,,,management/cases/new/page.tsx,,SharedStepPicker Modal Kapatma Senaryoları,Test Senaryosu,Orta,"Modal açma/kapatma state var (showStepPicker), onClose callback'i bağlı","Escape tuşu ile kapatma test edilmiyor, modal dış alanına click sonrası behavior net değil",,,,,,,"1) Modal aç → Escape tuş → kapatılmalı
2) Dış alana click → kapatılmalı
3) Adım seçip ekle → modal otomatik kapanmalı
4) Seçim yapıp Cancel → state sıfırlanmalı",True,M,qa
QA-005,,,management/cases/new/page.tsx,,Form İlk Render Sırasında async Members Yüklenmesi,Hata Yönetimi,Yüksek,"useQuery ile members yükleniyor, default boş dizi, fallback var","Network hatası sırasında Sahip (owner) dropdown boş kalıyor, retry/refetch UI yok",,,,,,,"1) Network offline → members query fail → fallback gösterilir
2) Online dön → otomatik refetch mi? (no autoRetry visible)
3) Sahip seçilmişse seçim kayıyor mu?
4) Hata toast mesajı var mı?",True,M,qa
QA-006,,,management/_components/workspace/CaseDetailDrawer.tsx,,Tab Geçişi ve Async Veri Yüklenmesi Sırasında State Tutarlılığı,Test Senaryosu,Yüksek,"7 tab (detail, runs, defects, files, comments, history, parametric) var, her birinin ayrı useQuery'si","Tab geçerken (detail → parametric), veriler paralel yükleniyor, Loading state gösterilmiyorbir kimi tablar",,,,,,,"1) Detail tab → slow network → Parametric tab kaydır
2) Her tab loading göstermeli (isLoading flag)
3) Veri hataları toast vs. inline error?
4) Tab kapatılırken query cancelation?",True,S,qa
QA-007,,,management/_components/workspace/CaseDetailDrawer.tsx,,Dosya Yükleme Validasyonu ve Hata Mesajları,Test Edilebilirlik,Orta,"uploadAttachment mutation var, setUploadError state, catch blok uyarı veriyor","Hata mesajı generik ('Dosya yüklenemedi'), format validasyonu client-side yok, max size yok",,,,,,,"1) Desteklenmiyor format (exe) yükle → server error
2) 100MB dosya yükle → timeout/size error
3) Hata sonrası retry UI var mı?
4) Başarılı upload → attahments list refetch mi?",True,M,qa
QA-008,,,management/_components/workspace/CaseTable.tsx,,Context Menu Viewport Sınırları,Edge Case,Orta,CaseContextMenu viewport içinde düzeltiliyor (x+width > vw check var),"Alt taraf (y+height > vh) yalnızca x için düzeltiliyor, menu bottom tarafta kesildiğinde görülüyor",,,,,,,"1) En alttaki case'e sağ-click (context menu aç)
2) Menu ekranın altına taşmalı
3) Tam viewport içinde görülmeli
4) Farklı ekran boyutları (mobile, tablet, desktop)",True,M,qa
QA-009,,,management/_components/workspace/CaseTable.tsx,,Keyboard Navigation (Context Menu),Test Senaryosu,Yüksek,"ArrowUp/Down ile focus döngüsü (focusIdx state), Enter yürütüyor","Tab tuşu ile menüden dışarı navigate edilmiyor, Escape sadece Close yapıyor (ideal)",,,,,,,"1) Context menu aç → ArrowUp/Down → focus değişimi
2) Enter → action yürütül
3) Escape → menu kapat
4) Tab → menu dışına çık (fallback focus?)",True,M,qa
QA-010,,,management/defects/page.tsx,,"Defect Filtreleme Seçenekleri (Priority, Severity, Status)",Test Senaryosu,Orta,"Severity (critical, major, minor, trivial), Status (open, in_progress, resolved, ... 10 seçenek), Priority (P0, P1, ...)","Status seçenekleri backend'den mi, hardcode mi? Customization var mı?",,,,,,,"1) P0 critical blocker defect aç
2) Filtreleme: severity=critical → filtrelenmalı
3) Status=open → açık defect'ler
4) Çoklu filtre (P0 AND critical AND open)",True,M,qa
QA-011,,,management/defects/page.tsx,,Sparkline Chart (Open Defect Trend) Veri Doğruluğu,Test Senaryosu,Orta,"Son 7 gün trendini gösteriyor, closed defect'ler exclude ediliyor","Timezone duyarlılığı (new Date().getTime() UTC mi?), dayEnd truncation net değil",,,,,,,"1) 3 defect aç (tarih: 6 gün önce, 3 gün önce, bugün)
2) 1 defect çöz (3 gün önce olanı)
3) Sparkline: [3,3,3,3,2,2,2] mi? (6,5,4,3,2,1,0 indisi)
4) Timezone sapmalar (UTC±12)?",True,S,qa
QA-012,,,management/defects/page.tsx,,Defect Silme Onay Dialogu (Undo Yok),Test Senaryosu,Yüksek,"Delete mutation var, onDeleted callback veritabanından kaldırır","Soft delete mi hard delete mi? Undo/restore UI yok, geri dönüş yok",,,,,,,"1) Defect seç → Delete
2) Confirm dialog → Evet → permanent delete
3) Listede kaybolmalı
4) Audit log'da silinmiş mi görülüyor?",True,M,qa
QA-013,,,management/runs/page.tsx + WorkspaceShell,,Run Listesi Pagination ve Infinite Scroll,Edge Case,Orta,"ITEMS_PER_PAGE=50, setPage with hasMore indicator, load more button","Scroll sırasında hasMore=true iken otomatik load mi (virtualizing), yoksa manual button mi?",,,,,,,"1) 200+ run olsun
2) İlk 50 load → scroll bottom
3) Otomatik ya da manual load? → Perf test
4) Scroll cache ediliyor mu (useMemo filtered)?",True,S,qa
QA-014,,,management/_components/workspace/WorkspaceShell.tsx,,Drag-Drop Case → Suite/Folder Sırasında Validation,Test Senaryosu,Yüksek,"useMoveManagementCase mutation, DndContext ile case/suite/folder drag'ı",Case → yanlış suite → error handling? Undo UI? State rollback?,,,,,,,"1) Case seç → Suite B sürükle (move)
2) onBulkMove → success → list update
3) Fail case (network) → rollback?
4) Async move sırasında disabled state?",True,S,qa
QA-015,,,management/members/page.tsx,,Member Rol Değişimi ve Permission Cascade,Test Senaryosu,Yüksek,"Rol değişimi mutation var (admin → member), capabilities matrix UI'da gösterilir","Rol düşürüldüğünde (admin → viewer), user'ın aktif session'ı ne olur? Realtime sync?",,,,,,,"1) Admin rol → Member role change
2) Veritabanında update
3) User active session → permission deny?
4) Broadcast/WebSocket yok mu (soft invalidate)?",True,S,qa
QA-016,,,management/members/page.tsx,,Email Validation ve Duplicate Member Kontrolü,Test Edilebilirlik,Orta,"isDuplicate check var, format doğrulaması (email regex)",Case sensitivity: 'Admin@Example.com' vs 'admin@example.com' duplicate mi? toLocaleLowerCase() yok,,,,,,,"1) admin@ex.com invite
2) ADMIN@EX.COM invite → duplicate error alınmalı
3) admin+tag@ex.com (valid) doğrul
4) spaces: 'admin @ex.com' → trim sonrası check",True,M,qa
QA-017,,,management/settings/page.tsx,,Environment Konfigürasyonu (Dev/Test/UAT/Prod) Değişimi,Test Senaryosu,Yüksek,"DEFAULT_ENVIRONMENTS: 4 env, baseUrl, active flag",Prod env'yi disable edebiliyor musun? Validation: prod active=false (safety)?,,,,,,,"1) Settings → Environments
2) Prod URL'i değiştir
3) Verification: URL syntax check?
4) Prod active toggle → warning?",True,M,qa
QA-018,,,management/settings/page.tsx,,API Key Yönetimi - Expiry ve Revocation,Test Senaryosu,Yüksek,"API_KEY_DURATIONS: 30/90/365 gün + sınırsız, reveal flag, maskedKey",Revoke sonrası key hemen invalid mi? Grace period? Audit log kaydı?,,,,,,,"1) API key oluştur (30 gün)
2) Key'i kopyala & revoke
3) API call → 401 mi (immediately)?
4) Expiry: 30 gün sonra auto-invalid? (cron check?)",True,S,qa
QA-019,,,management/settings/page.tsx,,RBAC Matrix Görüntüleme (6 rol × 25 permission),Test Edilebilirlik,Orta,"RBAC_MATRIX[25] ile 6 rol (admin, test_lead, qa_engineer, developer, ba, viewer) gösterilir",Responsive tasarım: mobile 6 col tablosu okunaklı mı? Scroll/wrap?,,,,,,,"1) Mobile view (320px)
2) Tablet view (768px)
3) Desktop (1200px)
4) Tüm PermBadge'ler görülüyor mu?",True,M,qa
QA-020,,,e2e/smoke.spec.ts,,E2E Register + Login + Project Creation Flow,Test Senaryosu,Yüksek,Smoke test var: register → login → project create → approval → scenario,"Serial test: 1 fail → sonrakiler skip, isolated setup yok, test-data cleanup?",,,,,,,"1) Her testa isolated setup (register unique email)
2) Parallel run support?
3) Cleanup: project/user delete sonunda?
4) Flaky timeouts (15s) → heartbeat health?",True,S,qa
PROD-001,,,,Test Case Repository & Organization,Gereksiz karmaşık hiyerarşi (Suite → Folder → Case → SubCase) eksik kullanım tanımı,Belirsiz Akış,Yüksek,"Veritabanında 4 seviye nested yapı: Suite, Folder (hierarchical), Case, SubCase. Frontend'de sadece Suite-Case gösteriliyor, Folder ve SubCase kullanım örnekleri yok.","Kullanıcılar Suite, Folder, SubCase arasındaki semantik farkları anlamayabiliyor. Folder'ın hangi senaryoda Suite'e göre tercih edilmesi gerektiği belirtilmiyor. SubCase (parent_id) ne zaman kullanılmalı?",,,,"Repository karmaşık, maintenance maliyeti yüksek, kullanıcılar organizasyon yapısı hakkında eğitime ihtiyaç. Yanlış seviye kullanımı sonucu veri kalitesi sorunu.","Business rule dokumentasyonu: Suite ne zaman, Folder ne zaman, SubCase ne zaman kullanılır? Ya da kullanılmayan yapılar silinsin.","1. Folder vs Suite semantic farkını dokümante et veya kaldır
2. SubCase kullanım case'i tanımla
3. Frontend'de tüm seviyeleri göster veya simplify et",,,,product
PROD-002,,,,Test Case Versioning & History,"Test case versioning flow'u belirsiz - version snapshot'ı kim görecek, nasıl revert edilecek?",Belirsiz Akış,Orta,"TestCaseVersion modeli (snapshot, version_no, change_summary) DB'de var ama Frontend'de display/revert/compare UI yok. Service'te version creation logic exists.","Version history tutuluyorsa, kullanıcılar ne zaman bir eski versiona geri dönmek isteyeceğini, nasıl yapacağını bilemez. Snapshot karşılaştırması (diff) UI'da yoksa, değişiklik auditi anlamsız hale gelir.",,,,Version control data dead code. Kullanıcılar case değişikliklerinin izini kaybediyor. Regulatory/audit compliance soru işareti.,"Version history UI (liste, view, diff compare, revert-to-version button). Ya da feature production'dan kaldırılsın.","1. Version UI ekranı tasarlanmalı ve test edilmeli
2. Revert endpoint'i ve iş kuralları
3. Change summary accuracy
4. Audit trail completeness",,,,product
PROD-003,,,,Test Case Review Workflow,Review status (none | pending | approved | rejected) yönetim flow'u eksik tanımlı,İş Kuralı,Yüksek,"TestCase.review_status, review_by, review_at, review_comment fields. Frontend'de CaseReviewOut şeması, endpoint'ler var ama UI flow (submit for review, approve, reject) bağlanmamış.","1. Kimin review yapabileceği (permission matrix) belirtilmemiş.
2. Review pending statüsünden approved'a geçiş: otomatik mi, rol tabanlı mı?
3. Rejected case ne olur? Draft'a mı dönüş?
4. Review deadline yok — case indefinitely pending olabilir.
5. Batch review (plan-level) destek yok — case-by-case mi zorunlu?",,,,QA Sign-off process reliable olmaz. Test plan release gate zayıf. Reviewer workload management imkansız.,"Review workflow definition: state machine (draft→submitted→pending_review→approved|rejected→active), role-based approver rules, SLA/reminder, bulk review action.","1. Review submit → approval → publish flow end-to-end
2. Permission checks (who can review)
3. Deadline enforcement + alert
4. Audit trail for rejections
5. Plan-level review sign-off",,,,product
PROD-004,,,,Test Run Execution & Completion,Test run status lifecycle (not_started | in_progress | completed | blocked | partial) açık olmayan geçişler,İş Kuralı,Yüksek,"TestRun.status (not_started | ?), TestRunCase.status (not_run | pass | fail | blocked | skipped), duration_seconds tracking. Completion logic'e karar vermek executor'e/system'e bağlı.","1. Run 'completed' ne zaman: last case tamamlandığında mı, manual sign-off mi?
2. Partial completion rule: 80% pass = release ready mi, %100 gerekli mi?
3. Blocked run (infrastructure down) auto-requeue mekanizması yok.
4. Run duration_seconds: execution time + wait time farkı yok.
5. Multiple retries (same run_case, different run) handling: last only mi, best mi, aggregate mi?",,,,Release readiness sinyal bulanık. Executor hangi criteria'da run sonlandıracağını bilemez. Analytics (duration trend) hatalı olabilir.,"Run completion rules ve signoff workflow: SLA timing, auto-completion vs manual gate, partial completion policy, retry strategy.","1. Run status transition matrix + SLA enforcement
2. Completion decision logic (manual/auto)
3. Duration tracking accuracy
4. Blocked case handling
5. Release readiness calculation (% pass threshold)",,,,product
PROD-005,,,,Defect Management & Traceability,Defect lifecycle ve root cause tracking eksik - defect'in 'closed' olduktan sonra case tekrar fail etse ne olur?,Veri Bütünlüğü,Kritik,"DefectLink (external_source, external_key, status, severity, priority, root_cause). Frontend defect'leri run result'la linking yapıyor (defect ref in RunResult). Defect status: open | in-progress | closed. Root cause: optional string.","1. Defect status = closed ama case tekrar fail etse? Linked defect'i reopen etmeli mi automatically?
2. Same test case multiple defects (independent bugs) tracking: multiple DefectLink mi, single mi?
3. Defect root_cause (optional) — production'da enforced mi? QA-only vs dev input?
4. Cross-project defects: defect project-scoped mi, global mi?
5. Defect resolution tracking: link to commit/PR, verification status (fixed in code vs fixed in test)?",,,,Defect integrity soru işareti. Duplicate reopening çalışma. Release quality gates unreliable. Root cause analysis incomplete.,"Defect lifecycle state machine, reopen triggers, root cause mandatory on closure, defect-to-code traceability, duplicate detection.","1. Defect status transitions + auto-reopen on case fail
2. Duplicate detection logic
3. Root cause enforcement
4. Traceability (defect→code→verification)
5. Cross-project duplicate handling",,,,product
PROD-006,,,,Requirement & Traceability Coverage,Requirement-to-TestCase coverage policy belirsiz - uncovered requirement'ler nasıl track edilir?,İş Kuralı,Yüksek,"Requirement (external_source, acceptance_criteria: JSONB), RequirementLink (case_id, coverage_status: covered|uncovered). Query: uncovered_requirements endpoint yok. Coverage report: test case dashboard'da görülüyor ama uncovered req'lere action yok.","1. Uncovered requirements: product feature'e include mi, tekrar-test mi, skip mi?
2. Coverage_status: kimin set etmesi, hangi criteria?
3. Requirement versioning: external system'de updated olsa, sync mi otomatik?
4. Orphan cases (no requirement): acceptable mi?
5. Cross-requirement dependency (AC-A requires AC-B): model'de yok, manual tracking mi?",,,,"Scope creep, unplanned feature test gaps. Test plan completeness validation zayıf.","Coverage policy enforcement, uncovered requirements report + action list, requirement sync strategy, traceability metrics.","1. Coverage report: all requirements + status
2. Uncovered req'lere action workflow (close/test/document)
3. External requirement sync + conflict resolution
4. Orphan case detection
5. Test-to-requirement ratio metrics",,,,product
PROD-007,,,,Test Data Management & Case Parameters,Test data sharing & parameter validation policy — CaseParamSet (reusable parametrization) UI/workflow yok,Eksik Özellik,Orta,"TestCase.test_data (JSONB dict), TestCaseStep.test_data. CaseParamSetCreate/Out schema'lar var ama endpoint'ler ve UI yok. Data sensitivity (masked in logs, encryption) handling yok.","1. Test case 20 step'te hard-coded data duplicate → CaseParamSet ile dedupe edilebilir ama UI yok.
2. Data validation: step test_data'nın case-level parametrelerle conflict'i detect edilmiyor.
3. Sensitive data (API key, PII): case preview/export'ta masking yok — security gap.
4. Data versioning: parametreler değişse, eski run'lar stale data ile kalıyor.
5. Data sources: static dict vs external API call vs faker generation — model'de fark yok.",,,,"Test data maintenance burden, duplication, security exposure, traceability loss.","Parameter set library + management UI, data sensitivity classifier, secure export, version tracking.","1. ParamSet creation + reuse UI
2. Data masking in logs + export
3. Sensitive data detection
4. Parameter conflict detection
5. Data source audit trail",,,,product
PROD-008,,,,Test Plan & Regression Set Management,Regression set auto-selection (risk-based prioritization) vs manual selection — business rule'ü mix,Belirsiz Akış,Orta,"RegressionSet (set_type, filters: RegressionSelectionFilter), RegressionSetCase (risk_score, reason, include_mode). include_mode: manual | smart_selection | risk_based. Service'te risk calculation var ama smart selection algorithm detayı açık değil.","1. Risk score nedir? Flakiness + failure frequency + coverage gap combination mi? Formula'sı vs business rule'ü.
2. Auto-selection: qui decides include_mode mı, user trigger mi, schedule mi?
3. Plan approval gate: regression set'e test case ekleme işlem sırasında veya before-run'da?
4. Scope change mid-plan: case remove policy, impact on already-executed cases?
5. Plan vs Cycle semantic: Plan = release scope, Cycle = test round. Data model'de clear FK yok.",,,,Regression selection inconsistent. Release scope commit zayıf. Re-testing justification missing.,"Risk scoring formula definition, selection algorithm transparency, plan approval workflow, scope change audit.","1. Risk score calculation + formula validation
2. Smart selection algorithm output
3. Plan scope lock + change audit
4. Test case removal impact
5. Regression completeness metric",,,,product
PROD-009,,,,Release Readiness & Sign-off,"Release readiness decision (test pass % + defect severity threshold + sign-off approval) — policy bölünmüş, merge missing",İş Kuralı,Kritik,"ReleaseSignoff (project_id, release_name, role, decision: pass|conditional|fail, status: signed). ReleaseReadinessPredictionOut schema. Release report veri var ama decision matrix (pass % vs open high-sev defect count) kodda yoksa heuristic'tir.","1. Release readiness criteria: >90% pass mi, <5 P0 open mi, manager sign-off gerekli mi, legal/compliance gates mi?
2. Conditional sign-off: with-known-issues decision mekanizması unclear — issue tracking mi, mitigation plan mi gerekli?
3. Signoff authority: QA lead yeterin, dev manager + product owner consensus gerekli mi?
4. Signoff expiration: 24h valid mi? Code change invalidate eder mi?
5. Release notes requirement: defect list, test summary (coverage %, flakiness), known issue cutover plan — enforcement yok.",,,,"Release gate arbitrary, inconsistent, audit trail incomplete. Issue escalation path vague.","Release criteria matrix (quantitative + qualitative), approval hierarchy, signoff validity rules, required release artifacts.","1. Release readiness score calculation
2. Sign-off authority validation
3. Decision audit trail
4. Conditional release policy enforcement
5. Signoff expiration + re-validation",,,,product
PROD-010,,,,Test Case Ownership & Assignment,"Test case owner vs run case assigned_to — sorumlu kim, accountable kim? Permissions framework eksik.",İş Kuralı,Yüksek,"TestCase.owner_id, TestRunCase.assigned_to (both FK to sd_users). Model'de farklı, business rule yoksa. Frontend'de assignment UI partial (management module'de görülüyor ama qa module'de eksik).","1. Ownership semantic: template owner (case creator) vs current executor (run assigne) — when does owner change?
2. Can executor modify case baseline? Permission'ler merge edilmemiş — owner/admin only mi?
3. Default assignment: user self-assign mi, manager assign mi, round-robin mi?
4. Reassignment workflow: executor → owner approval gerekli mi?
5. Team view: 'My Work' queue owner-based mi (my cases) vs assigned-based mi (my runs)?",,,,"Accountability gap, unauthorized changes risk, workload visibility unclear.","Ownership vs assignment semantic definition, permission matrix, assignment workflow, workload dashboard.","1. Owner vs assigned_to permission separation
2. Default assignment strategy
3. Case modification by executor validation
4. Reassignment audit trail
5. Workload distribution metrics",,,,product
PROD-011,,,,Notification & Alert System,"MgmtNotification (create-only) — workflow event'ler (case review pending, run completed, defect reopened) otomatik trigger mekanizması yok",Eksik Özellik,Yüksek,"MgmtNotificationCreate endpoint (manual create), NotificationBell component frontend'de. Notification table'ı read-only (archive only). MCP MgmtNotificationOut type. Trigger logic backend'de yoksa manual trigger'dır.","1. Case assigned: assigned_to user notification gerekli ama otomatik generate mekanizması yok.
2. Run blocked: executor'e alert'i kim gönderir, ne kadar sürede?
3. Defect reopened: assignee'ye auto-notify mi?
4. Review pending: reviewer'e reminder'lar (SLA warning) implementation yok.
5. Notification preferences: user opt-out, channel (in-app/email), digest vs real-time — per-user setting'i yok.",,,,"Collaboration friction, critical event'ler missed, escalation path unclear.","Event-driven notification trigger system, user preferences, SLA reminders, multi-channel support.","1. Event-trigger mapping (case assigned → notification)
2. Notification delivery timing + SLA
3. User preference enforcement
4. Notification read/archive workflow
5. Alert accuracy + deduplication",,,,product
PROD-012,,,,Search & Filter Functionality,"Global + page-level search UI minimal — case list 100+ items'de search/filter UI eksik, performance risk",Eksik Özellik,Orta,"GlobalSearch component (management module layout'a integrated). Frontend case/run list'lerde basic search (memory-based filter) var. Backend full-text search endpoint'i yok, elastic search integration yok.","1. Case search: title + case_key only — tags, custom_fields, requirement by search edilemiyor.
2. Run list: plan, environment, executor by search yok — manual scrolling.
3. Filter: priority, status, owner by checkbox'lar — composite filter AND/OR logic transparent değil.
4. Saved filter: user preference yok — every session reset.
5. Performance: 1000+ case, frontend memory-filter lag expected.",,,,"Large project'lerde UX degradation, discovery time increase, automation inefficient.","Full-text search + faceted filter, saved filter/view, search API optimization (DB indices), UX pattern (search-as-you-type).","1. Search field coverage (all important fields)
2. Filter AND/OR combination logic
3. Saved filter persistence
4. Search performance (1000+ records)
5. Filter result accuracy",,,,product
