account_id,customer_id,iban,account_type,currency,balance,opening_date,status,branch_code,interest_rate
HSP0000000001,MUS00000001,TR72000600297021355690927,Cari,EUR,64113.74,2019-08-29,Aktif,9406,0.0
HSP0000000002,MUS00000002,TR64001001027868144739473,Vadeli,TRY,267082.64,2023-09-16,Aktif,5566,32.86
HSP0000000003,MUS00000002,TR80001505188442258313237,Vadesiz,USD,71904.45,2023-10-10,Aktif,2438,0.0
HSP0000000004,MUS00000002,TR52006401146786691251778,Vadesiz,TRY,64312.57,2023-12-04,Aktif,3126,0.0
HSP0000000005,MUS00000003,TR85000408242253584143842,Kredi,TRY,-37210.66,2020-10-01,Aktif,1907,2.8
HSP0000000006,MUS00000004,TR47006400010943969078447,Tasarruf,TRY,47385.49,2025-07-02,Aktif,6531,13.08
HSP0000000007,MUS00000004,TR36000607677359255562588,Vadesiz,USD,36338.18,2025-08-26,Aktif,1981,0.0
HSP0000000008,MUS00000005,TR42003209632595327877470,Vadesiz,TRY,11356.12,2022-02-20,Aktif,5754,0.0
HSP0000000009,MUS00000006,TR43006407480162456506098,Vadeli,TRY,293755.34,2024-08-31,Aktif,9108,26.26
HSP0000000010,MUS00000007,TR04000601655852398680002,Vadeli,TRY,383380.04,2021-03-07,Aktif,2946,45.63
HSP0000000011,MUS00000008,TR02006405269495888794705,Yatırım,TRY,894200.38,2024-09-09,Aktif,6373,0.0
HSP0000000012,MUS00000008,TR04006407499309728962309,Vadesiz,TRY,24683.46,2025-06-17,Aktif,1436,0.0
HSP0000000013,MUS00000009,TR03003208970283857865278,Vadesiz,TRY,12199.36,2020-06-08,Aktif,4340,0.0
HSP0000000014,MUS00000009,TR89006407334843443757584,Vadesiz,TRY,57701.87,2020-05-15,Pasif,5331,0.0
HSP0000000015,MUS00000009,TR58000604041574733848421,Vadesiz,TRY,71671.26,2020-01-09,Aktif,6654,0.0
HSP0000000016,MUS00000010,TR38003205712082677345401,Vadeli,TRY,267865.54,2021-12-12,Aktif,2641,30.82
HSP0000000017,MUS00000010,TR93003202067240049915478,Tasarruf,TRY,68041.61,2021-02-08,Aktif,3868,28.26
HSP0000000018,MUS00000011,TR83001202054932966851612,Kredi,TRY,-55294.58,2022-12-23,Aktif,8518,2.49
HSP0000000019,MUS00000011,TR76004604549904530174268,Cari,TRY,1676.18,2023-05-11,Dondurulmuş,4858,0.0
HSP0000000020,MUS00000012,TR49001002727956878339187,Kredi,TRY,-128103.55,2022-05-03,Aktif,4618,2.6
HSP0000000021,MUS00000012,TR42006408225871397187072,Vadeli,TRY,60543.35,2022-09-09,Kapalı,4312,47.57
HSP0000000022,MUS00000012,TR51001200391065180170462,Vadeli,TRY,233877.26,2022-05-09,Aktif,7487,43.08
HSP0000000023,MUS00000013,TR06003206182512868230047,Yatırım,EUR,426158.32,2024-05-13,Aktif,8348,0.0
HSP0000000024,MUS00000013,TR07001203106903311907903,Tasarruf,TRY,65886.5,2024-03-05,Aktif,3541,19.21
HSP0000000025,MUS00000014,TR11001009599534283644089,Vadeli,TRY,432546.47,2024-11-17,Aktif,5739,28.5
HSP0000000026,MUS00000014,TR04003208566246287334270,Kredi,EUR,-86012.92,2025-06-30,Aktif,6642,1.64
HSP0000000027,MUS00000015,TR53000407518304699013983,Cari,TRY,25042.99,2023-01-20,Aktif,6411,0.0
HSP0000000028,MUS00000015,TR30000407393638546785445,Vadeli,USD,478724.78,2022-10-15,Aktif,4113,30.3
HSP0000000029,MUS00000016,TR83001506093204899642353,Vadeli,TRY,237397.76,2021-06-29,Blokeli,7073,47.86
HSP0000000030,MUS00000016,TR94004607252287280801006,Vadeli,USD,329030.94,2022-01-02,Aktif,9005,33.44
HSP0000000031,MUS00000017,TR68004600088600848408621,Tasarruf,TRY,17575.7,2018-12-18,Aktif,8916,17.46
HSP0000000032,MUS00000018,TR75000405679334101666870,Vadeli,TRY,129947.01,2019-01-30,Aktif,7502,31.68
HSP0000000033,MUS00000018,TR71006200339740148902503,Tasarruf,TRY,67641.85,2019-06-28,Aktif,2562,25.69
HSP0000000034,MUS00000018,TR52006406856218501631599,Vadeli,TRY,202156.53,2018-09-10,Aktif,4939,32.48
HSP0000000035,MUS00000019,TR88006206629619431142626,Vadeli,TRY,140296.88,2019-06-26,Aktif,6829,37.27
HSP0000000036,MUS00000019,TR73000402126788861015819,Vadesiz,TRY,24730.57,2019-05-11,Aktif,5419,0.0
HSP0000000037,MUS00000019,TR94006408262244472126464,Vadeli,TRY,149464.44,2019-05-25,Aktif,4977,44.48
HSP0000000038,MUS00000020,TR02004601240659657569245,Vadesiz,TRY,50040.19,2021-12-17,Aktif,4203,0.0
HSP0000000039,MUS00000020,TR35004609356465193982807,Tasarruf,TRY,14293.22,2021-09-07,Aktif,5775,29.37
HSP0000000040,MUS00000021,TR57000604342661797968868,Vadesiz,TRY,5625.78,2023-02-09,Pasif,9180,0.0
HSP0000000041,MUS00000021,TR44000403529096561014388,Vadesiz,EUR,65002.53,2023-05-15,Aktif,2392,0.0
HSP0000000042,MUS00000021,TR86000605071461125457387,Vadeli,TRY,190189.19,2023-03-09,Aktif,9199,44.31
HSP0000000043,MUS00000022,TR12000105123828258673622,Vadesiz,TRY,5467.23,2024-01-19,Aktif,2885,0.0
HSP0000000044,MUS00000023,TR27001003419182553714785,Vadeli,TRY,102675.6,2025-08-18,Aktif,1072,35.74
HSP0000000045,MUS00000023,TR48006409125134125286692,Vadeli,TRY,177222.7,2025-06-10,Aktif,5873,40.43
HSP0000000046,MUS00000024,TR74001202257905072368876,Vadeli,TRY,459984.69,2019-01-15,Aktif,9022,38.87
HSP0000000047,MUS00000024,TR04001200438427978819148,Tasarruf,TRY,39147.09,2018-11-30,Pasif,4613,21.31
HSP0000000048,MUS00000025,TR03000403407451713395962,Vadeli,USD,360895.22,2021-07-28,Aktif,7965,30.46
HSP0000000049,MUS00000025,TR59006408254494812604223,Tasarruf,TRY,64454.7,2021-08-09,Pasif,5605,17.02
HSP0000000050,MUS00000025,TR65000609466711684577590,Vadesiz,TRY,67500.1,2021-05-11,Aktif,9019,0.0
HSP0000000051,MUS00000026,TR76000408636374545892975,Yatırım,TRY,638492.14,2019-05-23,Blokeli,6869,0.0
HSP0000000052,MUS00000026,TR29004607063242415415206,Kredi,TRY,-125609.72,2019-01-21,Aktif,3588,1.55
HSP0000000053,MUS00000026,TR15001007129387005162713,Tasarruf,TRY,34395.55,2018-07-16,Pasif,1017,24.07
HSP0000000054,MUS00000027,TR57000601890927532697311,Tasarruf,TRY,70491.02,2024-05-21,Aktif,3181,17.65
HSP0000000055,MUS00000028,TR56001201389994043898364,Vadesiz,TRY,34408.16,2023-09-08,Aktif,5059,0.0
HSP0000000056,MUS00000029,TR57006401805526965827109,Yatırım,TRY,392026.72,2022-12-08,Aktif,9185,0.0
HSP0000000057,MUS00000029,TR59001208666188924141832,Vadesiz,TRY,4931.46,2023-02-26,Aktif,9300,0.0
HSP0000000058,MUS00000030,TR74001000316179904210202,Vadeli,TRY,342122.56,2024-01-18,Pasif,8167,32.75
HSP0000000059,MUS00000030,TR42001201056481491778507,Vadeli,TRY,412140.9,2024-04-26,Aktif,3079,29.17
HSP0000000060,MUS00000031,TR56001008000307562208635,Vadesiz,TRY,71552.05,2025-05-11,Pasif,2889,0.0
HSP0000000061,MUS00000031,TR83000408023806174451870,Vadesiz,EUR,66097.16,2025-03-19,Aktif,7108,0.0
HSP0000000062,MUS00000031,TR52001008320603850506413,Vadeli,TRY,371090.11,2024-10-02,Pasif,9083,36.6
HSP0000000063,MUS00000032,TR69000400386571918261990,Vadesiz,TRY,79757.05,2020-12-19,Aktif,5584,0.0
HSP0000000064,MUS00000032,TR03001505743132912127756,Vadeli,EUR,134190.51,2020-05-30,Aktif,7438,48.15
HSP0000000065,MUS00000033,TR67006400352135680442067,Vadeli,TRY,234356.56,2023-06-16,Aktif,5984,27.26
HSP0000000066,MUS00000034,TR35000603651994101372151,Vadeli,TRY,397935.82,2020-10-26,Aktif,4641,25.3
HSP0000000067,MUS00000034,TR83000106625324472099934,Vadesiz,TRY,45953.35,2021-03-15,Aktif,9128,0.0
HSP0000000068,MUS00000035,TR59001008065787598564205,Kredi,TRY,-77220.04,2018-08-14,Aktif,9614,2.1
HSP0000000069,MUS00000035,TR92000601334803965223955,Vadeli,TRY,144061.67,2018-09-10,Pasif,4813,38.24
HSP0000000070,MUS00000036,TR63004608427010393087059,Vadesiz,TRY,45132.16,2019-06-22,Dondurulmuş,4084,0.0
HSP0000000071,MUS00000036,TR28000102921851569154522,Vadesiz,TRY,73510.58,2019-02-19,Aktif,1975,0.0
HSP0000000072,MUS00000036,TR23001009264422096902959,Tasarruf,TRY,39027.28,2019-02-16,Aktif,6846,13.48
HSP0000000073,MUS00000037,TR85000601570433154100676,Vadeli,EUR,373944.95,2022-02-18,Aktif,6234,33.67
HSP0000000074,MUS00000038,TR21000607104054115262181,Kredi,TRY,-109658.77,2020-08-27,Aktif,4695,3.99
HSP0000000075,MUS00000038,TR95006406201533688444310,Vadesiz,GBP,56389.92,2021-02-12,Kapalı,3703,0.0
HSP0000000076,MUS00000038,TR84006407310324171467741,Vadeli,TRY,31979.9,2020-07-08,Aktif,5825,35.69
HSP0000000077,MUS00000039,TR56001203490211586938068,Vadeli,TRY,97358.56,2023-02-24,Aktif,8619,31.58
HSP0000000078,MUS00000039,TR04003200898992172233206,Vadeli,TRY,240038.07,2023-06-02,Kapalı,2293,36.91
HSP0000000079,MUS00000040,TR06000406868548709986162,Tasarruf,TRY,11915.47,2018-12-02,Pasif,2097,15.16
HSP0000000080,MUS00000041,TR47006205646799702462996,Vadeli,TRY,462839.44,2020-09-18,Dondurulmuş,5687,44.49
HSP0000000081,MUS00000042,TR80001504447132475469137,Kredi,TRY,-149404.21,2020-05-12,Aktif,1331,4.19
HSP0000000082,MUS00000043,TR78000601486289023303070,Yatırım,TRY,868517.08,2020-03-10,Pasif,9442,0.0
HSP0000000083,MUS00000044,TR02001005797279855241406,Tasarruf,TRY,40459.6,2025-08-25,Pasif,1500,28.46
HSP0000000084,MUS00000044,TR17001004680072290349446,Vadesiz,USD,17224.06,2025-01-25,Pasif,4688,0.0
HSP0000000085,MUS00000044,TR48006401085899441715454,Kredi,USD,-44423.6,2025-03-07,Aktif,7506,3.53
HSP0000000086,MUS00000045,TR16001502074466609935387,Tasarruf,USD,12079.35,2024-01-12,Aktif,7620,27.99
HSP0000000087,MUS00000046,TR13004602482513534655494,Tasarruf,TRY,67267.03,2023-01-24,Pasif,2599,13.62
HSP0000000088,MUS00000046,TR33004603816846022356972,Vadeli,TRY,319026.39,2023-02-05,Aktif,2166,48.61
HSP0000000089,MUS00000046,TR31001500074329271296666,Vadesiz,TRY,39057.71,2023-03-03,Pasif,3897,0.0
HSP0000000090,MUS00000047,TR10001000033542168942104,Vadeli,TRY,189685.2,2022-03-23,Aktif,9700,47.3
HSP0000000091,MUS00000047,TR42001507532603323098215,Kredi,TRY,-105299.41,2022-10-24,Aktif,3192,4.16
HSP0000000092,MUS00000047,TR74000400016761847230461,Tasarruf,TRY,51261.65,2022-12-14,Aktif,1785,22.46
HSP0000000093,MUS00000048,TR82006401411739348356420,Vadesiz,TRY,66469.15,2024-11-02,Aktif,9381,0.0
HSP0000000094,MUS00000048,TR23000409721811437447012,Vadeli,EUR,242928.65,2025-01-08,Aktif,2458,25.07
HSP0000000095,MUS00000049,TR16000102255794155216674,Kredi,TRY,-85773.05,2020-02-16,Aktif,1751,1.78
HSP0000000096,MUS00000049,TR22000600216979729659027,Yatırım,TRY,427522.42,2020-03-13,Aktif,2852,0.0
HSP0000000097,MUS00000049,TR04006209935889163756289,Kredi,TRY,-10148.49,2020-04-30,Aktif,1202,3.46
HSP0000000098,MUS00000050,TR77001503540838663177971,Tasarruf,TRY,68164.51,2022-01-12,Pasif,9055,11.5
HSP0000000099,MUS00000032,TR11000106608801994883755,Vadeli,TRY,39840.13,2020-11-19,Pasif,1291,33.58
HSP0000000100,MUS00000030,TR94000607113055488510272,Vadesiz,TRY,48036.1,2024-11-16,Pasif,6952,0.0
